Modelo,Tipo,AUC,Precision,Recall,F1-Score,Avg Precision
Random Forest,ML Tradicional,0.9332772843383093,0.844106463878327,0.7816901408450704,0.8117001828153565,0.9040436248912164
Logistic Regression,ML Tradicional,0.9258629982892363,0.7788778877887789,0.8309859154929577,0.8040885860306644,0.8932973636946717
NN_Simple,Deep Learning,0.9256520822104005,0.833976833976834,0.7605633802816901,0.7955801104972375,0.885406587424905
NN_Complex,Deep Learning,0.909434979259919,0.9166666666666666,0.6197183098591549,0.7394957983193278,0.8762485131614736
NN_Medium,Deep Learning,0.9085620210447377,0.8488888888888889,0.6725352112676056,0.75049115913556,0.863595492333571
